areas,cost
2223,221299.99999999997
44,3400.0
44235,4422499.999999999
335,32499.999999999993
2536,252599.99999999997
25625,2561499.9999999995
25663,2565299.9999999995
